epoch,train_loss,val_loss,lr
1,0.06952192346896408,0.06153642390933582,0.001
2,0.04375761144833287,0.06393790407642974,0.001
3,0.04255228074816162,0.06488177119912106,0.001
4,0.041500876030488104,0.0655687880915416,0.0005
5,0.04041241229091361,0.06285922097878814,0.0005
6,0.03958647034609076,0.06320186042211066,0.0005
