epoch,train_loss,val_loss,lr
1,0.4677983485202016,0.5069694716041371,0.0001
2,0.42017521654338186,0.5505270586680557,0.0001
3,0.386195444946228,0.5456933189751738,0.0001
4,0.3535944954944395,0.5640847206873408,5e-05
5,0.31936611829915956,0.5802820173360533,5e-05
6,0.2951457870124244,0.6083364326317432,5e-05
